Year,Units,Value
2010,процент,16.577324180949862
2011,процент,21.550987704507563
2012,процент,23.062831092176925
2013,процент,18.597962891574618
2014,процент,21.01004436343972
2015,процент,20.16049470043595
2016,процент,14.803309087674402
2017,процент,16.14900757034175
