Year,Units,Пол,Value
2015,процент,,99.81213409838931
2016,процент,,95.85777639042873
2017,процент,,99.19755003760682
2018,процент,,93.83096929119436
2015,процент,мужчины,100.0
2016,процент,мужчины,98.77800407331976
2017,процент,мужчины,99.77661051741833
2018,процент,мужчины,91.65236639043032
2015,процент,женщины,95.54547647768395
2016,процент,женщины,92.88182559087204
2017,процент,женщины,98.59434698979565
2018,процент,женщины,96.26536706438978
