Year,Units,Value
2015,,0.013
2016,,2.399164
2017,,3.013826
2010,,3715.6
2011,,4493.3
2012,,6146.6
2013,,7347.6
2014,,7362.5
2015,,6842.6
2016,,8149.6
2017,,8045.2
2018,,8566.2
