Year,Units,Value
2010,,7.690001499025634
2011,,13.975549306349741
2012,,17.047665099320817
2013,,21.061498838234822
2014,,16.631498921694877
2015,,17.887711458995962
2016,,18.31628830293429
2017,,17.423471483923166
2018,,18.643383535304462
