Year,Units,Value
2010,процент,21.0
2011,процент,21.0
2012,процент,21.0
2013,процент,21.0
2014,процент,21.0
2015,процент,21.0
2016,процент,21.0
2017,процент,21.0
2015,процент,4429.69078324111
2016,процент,419.480501109496
2017,процент,-3835.71809166285
2015,процент,42.96085597
2016,процент,30.83170630314192
2017,процент,35.23269085394541
