Year,Units,Value
2015,,64.913873
2016,,3.961957
2017,,42.990499
2016,,0.00315
2017,,0.003098
