Year,Units,Value
2015,,586.004652
2016,,1382.724414
2017,,386.028586
2015,,0.655176
2016,,1.739989
2017,,0.108509
