Year,Units,Value
2010,процент,0.3
2015,процент,0.2
2010,процент,6.1
2015,процент,7.0
2015,процент,0.0
2016,процент,0.0021171190244315533
2017,процент,0.0
2018,процент,0.0
2015,процент,0.8382122619631779
2016,процент,0.7642799678197908
2017,процент,0.711610751034974
2018,процент,0.72
