Year,Units,Value
2015,процент,0.8382122619631779
2016,процент,0.7642799678197908
2017,процент,0.711610751034974
2018,процент,0.72
