Year,Units,Value
2010,процент,17.8
2011,процент,17.8
2012,процент,23.8
2013,процент,26.2
2014,процент,26.2
2015,процент,26.7
2016,процент,27.6
2017,процент,27.4
2018,процент,27.6
2011,процент,16.94
2012,процент,17.0
2013,процент,18.17
2014,процент,18.41
2015,процент,18.8
2016,процент,22.158920539730133
2017,процент,22.09895052473763
2018,процент,22.19
