Year,Units,Value
2014,процент,0.02
2015,процент,0.02
2016,процент,0.03
2017,процент,0.02
2015,процент,42.772842
2016,процент,30.83
2017,процент,34.64443
