Year,Units,Value
2015,,0.167596
2016,,0.219449
2017,,0.712969
2015,,0.00729
2016,,0.010404
2017,,0.003098
2017,,100.0
2018,,100.0
