Year,Units,Value
2015,млн.долларов США,4.265647
2016,млн.долларов США,6.449895
2017,млн.долларов США,11.380076
2015,млн.долларов США,0.044881
2015,млн.долларов США,4.265466069691995
2016,млн.долларов США,6.446885521342071
2017,млн.долларов США,10.776392015417521
2015,млн.долларов США,0.0448810323664322
