Year,Units,Value
2010,процент,7.690001499025634
2011,процент,13.975549306349741
2012,процент,17.047665099320817
2013,процент,21.061498838234822
2014,процент,16.631498921694877
2015,процент,17.887711458995962
2016,процент,18.31628830293429
2017,процент,17.423471483923166
2018,процент,18.643383535304462
