Year,Units,Value
2015,процент,9.700176366843033
2016,процент,29.005901044030868
2017,процент,39.81636060100167
2018,процент,49.95730145175064
