Year,Units,Value
2010,процентах,17.8
2011,процентах,17.8
2012,процентах,23.8
2013,процентах,26.2
2014,процентах,26.2
2015,процентах,26.7
2016,процентах,27.6
2017,процентах,27.4
2015,процентах,18.800599700149924
2016,процентах,22.158920539730133
2017,процентах,22.09895052473763
