Year,Units,Value
2015,,15.569792275371153
2016,,33.60192931055953
2017,,7.553087866331429
2015,,286.88259376963913
2016,,306.60369666494466
2017,,169.84183213456632
2015,,0.6691161121573223
2016,,1.809081570949797
2017,,0.12537300629136067
