Year,Units,Value
2010,процент,27.208284564083495
2011,процент,27.407385368840586
2012,процент,28.502090201097385
2013,процент,28.45558017446005
2014,процент,26.248224076767467
2015,процент,25.83666627057938
2016,процент,26.79929100574212
2017,процент,22.638747404366747
2018,процент,26.6
